item;insumo;coeficiente;nota
04.01;MAT-LAD-H12;15;Unidades por m2 con junta de 1,5 cm
04.01;MAT-CEM-ALB;5.0;kg. Mortero 1:4, 0,02 m3/m2
04.01;MAT-CAL-HID;1.6;kg
04.01;MAT-ARE-GRU;0.022;m3
04.01;MO-OFI-ALB;1.10;h
04.01;MO-AYU-ALB;1.10;h
04.02;MAT-LAD-H18;15;u
04.02;MAT-CEM-ALB;7.5;kg. Muro mas ancho, mas mortero
04.02;MAT-CAL-HID;2.4;kg
04.02;MAT-ARE-GRU;0.033;m3
04.02;MO-OFI-ALB;1.30;h
04.02;MO-AYU-ALB;1.30;h
04.03;MAT-LAD-COM;65;u. Ladrillo comun 5x12x25 aprox
04.03;MAT-CEM-ALB;12.0;kg
04.03;MAT-CAL-HID;4.0;kg
04.03;MAT-ARE-GRU;0.050;m3
04.03;MO-OFI-ALB;1.80;h
04.03;MO-AYU-ALB;1.80;h
03.01;MAT-HOR-H21;1.02;m3
03.01;MO-OFI-ALB;3.00;h
03.01;MO-AYU-ALB;4.00;h
03.01;EQ-BOM-HOR;1.00;m3
03.02;MAT-HIE-008;1.00;kg
03.02;MAT-ALA-REC;0.015;kg
03.02;MO-OFI-ESP;0.08;h
03.02;MO-AYU-ALB;0.06;h
06.01;MAT-CAS-CAS;0.110;m3. Esp. 12 cm
06.01;MAT-CEM-POR;18.0;kg
06.01;MAT-CAL-HID;5.5;kg
06.01;MAT-ARE-GRU;0.042;m3
06.01;MO-OFI-ALB;0.45;h
06.01;MO-AYU-ALB;0.55;h
06.02;MAT-CEM-POR;8.0;kg. Mortero 1:3, esp. 2 cm
06.02;MAT-ARE-GRU;0.021;m3
06.02;MO-OFI-ALB;0.30;h
06.02;MO-AYU-ALB;0.30;h
07.01;MAT-CEM-POR;2.3;kg. Mortero 1:1/4:4 esp. 1,5 cm
07.01;MAT-CAL-HID;6.0;kg
07.01;MAT-ARE-GRU;0.017;m3
07.01;MO-OFI-ALB;0.50;h
07.01;MO-AYU-ALB;0.50;h
07.02;MAT-CAL-HID;2.5;kg
07.02;MAT-ARE-FIN;0.006;m3
07.02;MO-OFI-ALB;0.45;h
07.02;MO-AYU-ALB;0.35;h
07.03;MAT-CEM-POR;8.0;kg. Mortero 1:3 esp. 2 cm, impermeable
07.03;MAT-CAL-HID;2.0;kg
07.03;MAT-ARE-GRU;0.023;m3
07.03;MO-OFI-ALB;0.60;h
07.03;MO-AYU-ALB;0.60;h
08.01;MAT-CER-PIS;1.00;m2
08.01;MAT-PEG-CER;5.0;kg
08.01;MAT-PAS-JUN;0.35;kg
08.01;MO-OFI-ESP;0.70;h
08.01;MO-AYU-ALB;0.35;h
08.02;MAT-CER-PIS;0.12;m2. Zocalo de 10 cm
08.02;MAT-PEG-CER;0.6;kg
08.02;MO-OFI-ESP;0.18;h
05.01;MAT-MEM-4MM;1.00;m2
05.01;MO-OFI-ESP;0.25;h
05.01;MO-AYU-ALB;0.25;h
13.01;MAT-LAT-INT;0.26;l. Dos manos
13.01;MAT-FIJ-SEL;0.10;l
13.01;MO-PIN-TOR;0.35;h
13.02;MAT-LAT-EXT;0.32;l. Dos manos
13.02;MAT-FIJ-SEL;0.12;l
13.02;MO-PIN-TOR;0.45;h
